Collection,Handle,Title,Body (HTML),Vendor,Type,Tags,Published,Option1 Name,Option1 Value,Option2 Name,Option2 Value,Option3 Name,Option3 Value,Variant SKU,Variant Grams,Variant Inventory Tracker,Variant Inventory Policy,Variant Fulfillment Service,Variant Price,Variant Compare At Price,Variant Requires Shipping,Variant Taxable,Variant Barcode,Image Src,Image Position,Image Alt Text,Gift Card,SEO Title,SEO Description,Google Shopping / Google selfuct Category,Google Shopping / Gender,Google Shopping / Age Group,Google Shopping / MPN,Google Shopping / AdWords Grouping,Google Shopping / AdWords Labels,Google Shopping / Condition,Google Shopping / Custom Product,Google Shopping / Custom Label 0,Google Shopping / Custom Label 1,Google Shopping / Custom Label 2,Google Shopping / Custom Label 3,Google Shopping / Custom Label 4,Variant Image,Variant Weight Unit,Variant Tax Code,Cost per item
,build-your-kit,Build Your Kit,"<sections><section id=""1""><sectionTitle>Details</sectionTitle><sectionBody>Customize your kit by choosing a top and bottom that complements your workout style Kit up and save 10</sectionBody></section><section id=""2""><sectionTitle>Size &amp;amp; Fit</sectionTitle><sectionBody>Click buy for more sizing information.</sectionBody></section><section id=""3""><sectionTitle>Shipping &amp;amp; Returns</sectionTitle><sectionBody>Free shipping. Free returns</sectionBody></section><sizes><size instock=""true""><string>OS</string><variant>31694441873495</variant></size></sizes></sections>",Ten Thousand-men,kit,"ten-thousand, , kit",,Title,Default Title,Link,https://www.tenthousand.cc/products/build-your-kit,,,,0,,deny,manual,102.00,112.00,True,True,,https://cdn.shopify.com/s/files/1/0251/7377/products/ten-thousand-hiit-kit_e00600cb-a9e9-458b-b7dc-2a10ebb9746b.png?v=1585982140,1,,FALSE,,,,,,,,,,,,,,,,,,,
,distance-tank-black,Distance Tank - Black,"<sections><section id=""1""><sectionTitle>Details</sectionTitle><sectionBody>An ultralight and breathable training tank for the hottest most demanding sessions</sectionBody></section><section id=""2""><sectionTitle>Size &amp;amp; Fit</sectionTitle><sectionBody>Click buy for more sizing information.</sectionBody></section><section id=""3""><sectionTitle>Shipping &amp;amp; Returns</sectionTitle><sectionBody>Free shipping. Free returns</sectionBody></section><sizes><size instock=""true""><string>SMALL</string><variant>29241449119831</variant></size><size instock=""true""><string>MEDIUM</string><variant>29241455214679</variant></size><size instock=""true""><string>LARGE</string><variant>29241455247447</variant></size><size instock=""true""><string>XL</string><variant>29241455280215</variant></size></sizes></sections>",Ten Thousand-men,distance tank,"ten-thousand, , discounted, hide-navy, main-product, shirts, tops, type-shirts",,Title,Default Title,Link,https://www.tenthousand.cc/products/distance-tank?variant=29241449119831,,,,227,,deny,manual,54.00,,True,True,,https://cdn.shopify.com/s/files/1/0251/7377/products/DistanceTank_Front-new.png?v=1585226977,1,,FALSE,,,,,,,,,,,,,,,,,,,
,distance-tank-black,,,,,,,,,,,,,,,,,,,,,,,https://cdn.shopify.com/s/files/1/0251/7377/products/DistanceTank_Back2.png?v=1585226977,2
,distance-tank-black,,,,,,,,,,,,,,,,,,,,,,,https://cdn.shopify.com/s/files/1/0251/7377/products/distance_tank_texture_detail.png?v=1585226977,3
,distance-tank-black,,,,,,,,,,,,,,,,,,,,,,,https://cdn.shopify.com/s/files/1/0251/7377/products/distance_tank_logo_detail.png?v=1585226977,4
,distance-tank-black,,,,,,,,,,,,,,,,,,,,,,,https://cdn.shopify.com/s/files/1/0251/7377/products/distancetankfrontdetail.png?v=1585226977,5
,distance-tank-black,,,,,,,,,,,,,,,,,,,,,,,https://cdn.shopify.com/s/files/1/0251/7377/products/DistanceTee_BreathableFabric_BLACK_c3a67a6e-aadd-48bb-b73e-e9cb81cb190d.png?v=1585226977,6
,distance-tank-black,,,,,,,,,,,,,,,,,,,,,,,https://cdn.shopify.com/s/files/1/0251/7377/products/ten-thousand-distance-tank-product-lifestyle.jpg?v=1585226977,7
,distance-tank-navy,Distance Tank - Navy,"<sections><section id=""1""><sectionTitle>Details</sectionTitle><sectionBody>An ultralight and breathable training tank for the hottest most demanding sessions</sectionBody></section><section id=""2""><sectionTitle>Size &amp;amp; Fit</sectionTitle><sectionBody>Click buy for more sizing information.</sectionBody></section><section id=""3""><sectionTitle>Shipping &amp;amp; Returns</sectionTitle><sectionBody>Free shipping. Free returns</sectionBody></section><sizes><size instock=""false""><string>SMALL</string><variant>29241455312983</variant></size><size instock=""true""><string>MEDIUM</string><variant>29241455345751</variant></size><size instock=""true""><string>LARGE</string><variant>29241455378519</variant></size><size instock=""true""><string>XL</string><variant>29241455411287</variant></size></sizes></sections>",Ten Thousand-men,distance tank,"ten-thousand, , discounted, hide-navy, main-product, shirts, tops, type-shirts",,Title,Default Title,Link,https://www.tenthousand.cc/products/distance-tank?variant=29241455312983,,,,227,,deny,manual,54.00,,True,True,,https://cdn.shopify.com/s/files/1/0251/7377/products/ten-thousand-distance-tank-navy-front.png?v=1585226977,1,,FALSE,,,,,,,,,,,,,,,,,,,
,distance-tank-navy,,,,,,,,,,,,,,,,,,,,,,,https://cdn.shopify.com/s/files/1/0251/7377/products/ten-thousand-distance-tank-navy-back.png?v=1585226977,2
,distance-tank-light-grey,Distance Tank - Light Grey,"<sections><section id=""1""><sectionTitle>Details</sectionTitle><sectionBody>An ultralight and breathable training tank for the hottest most demanding sessions</sectionBody></section><section id=""2""><sectionTitle>Size &amp;amp; Fit</sectionTitle><sectionBody>Click buy for more sizing information.</sectionBody></section><section id=""3""><sectionTitle>Shipping &amp;amp; Returns</sectionTitle><sectionBody>Free shipping. Free returns</sectionBody></section><sizes><size instock=""true""><string>SMALL</string><variant>29241455444055</variant></size><size instock=""true""><string>MEDIUM</string><variant>29241455476823</variant></size><size instock=""true""><string>LARGE</string><variant>29241455509591</variant></size><size instock=""true""><string>XL</string><variant>29241455542359</variant></size></sizes></sections>",Ten Thousand-men,distance tank,"ten-thousand, , discounted, hide-navy, main-product, shirts, tops, type-shirts",,Title,Default Title,Link,https://www.tenthousand.cc/products/distance-tank?variant=29241455444055,,,,227,,deny,manual,54.00,,True,True,,https://cdn.shopify.com/s/files/1/0251/7377/products/ten-thousand-distance-tank-lt-grey.png?v=1585226977,1,,FALSE,,,,,,,,,,,,,,,,,,,
,distance-tank-light-grey,,,,,,,,,,,,,,,,,,,,,,,https://cdn.shopify.com/s/files/1/0251/7377/products/ten-thousand-distance-tank-lt-grey-back.png?v=1585226977,2
,distance-tank-light-grey,,,,,,,,,,,,,,,,,,,,,,,https://cdn.shopify.com/s/files/1/0251/7377/products/ten-thousand-distance-tank-product-lifestyle-2.jpg?v=1585226977,3
,interval-pant-black,Interval Pant - Black,"<sections><section id=""1""><sectionTitle>Details</sectionTitle><sectionBody>Versatile and adaptable training pants to get you to from and through your toughest workouts From long runs to lifting sessions these joggers get the job done</sectionBody></section><section id=""2""><sectionTitle>Size &amp;amp; Fit</sectionTitle><sectionBody>Click buy for more sizing information.</sectionBody></section><section id=""3""><sectionTitle>Shipping &amp;amp; Returns</sectionTitle><sectionBody>Free shipping. Free returns</sectionBody></section><sizes><size instock=""true""><string>SMALL</string><variant>31064319066199</variant></size><size instock=""true""><string>MEDIUM</string><variant>31064319098967</variant></size><size instock=""false""><string>LARGE</string><variant>31064319131735</variant></size><size instock=""true""><string>XL</string><variant>31064319164503</variant></size></sizes></sections>",Ten Thousand-men,interval pant,"ten-thousand, , bottoms, discounted, main-product, type-single",,Title,Default Title,Link,https://www.tenthousand.cc/products/interval-pant?variant=31064319066199,,,,227,,deny,manual,98.00,,True,True,,https://cdn.shopify.com/s/files/1/0251/7377/products/IntervalPant_Black_F.png?v=1581062505,1,,FALSE,,,,,,,,,,,,,,,,,,,
,interval-pant-black,,,,,,,,,,,,,,,,,,,,,,,https://cdn.shopify.com/s/files/1/0251/7377/products/IntervalPant_Black_B_f244a4eb-e37d-48dc-8773-cc9851b0b09c.png?v=1581062505,2
,interval-pant-black,,,,,,,,,,,,,,,,,,,,,,,https://cdn.shopify.com/s/files/1/0251/7377/products/IntervalPant_Black_Waistband_597c5f5c-8dc1-4aaf-871f-a58c5834d7cc.png?v=1581062505,3
,interval-pant-black,,,,,,,,,,,,,,,,,,,,,,,https://cdn.shopify.com/s/files/1/0251/7377/products/IntervalPant_Black_Pocket_cf36b3c0-ad5c-4c20-bd46-defd19694431.png?v=1581062505,4
,interval-pant-black,,,,,,,,,,,,,,,,,,,,,,,https://cdn.shopify.com/s/files/1/0251/7377/products/IntervalPant_Black_airpod.jpg?v=1581062505,5
,interval-pant-black,,,,,,,,,,,,,,,,,,,,,,,https://cdn.shopify.com/s/files/1/0251/7377/products/IntervalPant_Black_ankle-zip.jpg?v=1581062505,6
,over-zip-black,Over Zip - Black,"<sections><section id=""1""><sectionTitle>Details</sectionTitle><sectionBody>Performance merino mid layer for warm ups cool downs and cold sessions</sectionBody></section><section id=""2""><sectionTitle>Size &amp;amp; Fit</sectionTitle><sectionBody>Click buy for more sizing information.</sectionBody></section><section id=""3""><sectionTitle>Shipping &amp;amp; Returns</sectionTitle><sectionBody>Free shipping. Free returns</sectionBody></section><sizes><size instock=""false""><string>SMALL</string><variant>31064300486743</variant></size><size instock=""true""><string>MEDIUM</string><variant>31064300519511</variant></size><size instock=""true""><string>LARGE</string><variant>31064300552279</variant></size><size instock=""false""><string>XL</string><variant>31064300585047</variant></size></sizes></sections>",Ten Thousand-men,over zip,"ten-thousand, , discounted, main-product, tops, type-single",,Title,Default Title,Link,https://www.tenthousand.cc/products/over-zip?variant=31064300486743,,,,318,,deny,manual,39.99,88.00,True,True,,https://cdn.shopify.com/s/files/1/0251/7377/products/OverZip_Black_F_a632aabc-9a4e-45c3-8345-91f947b37a36.png?v=1581063122,1,,FALSE,,,,,,,,,,,,,,,,,,,
,over-zip-black,,,,,,,,,,,,,,,,,,,,,,,https://cdn.shopify.com/s/files/1/0251/7377/products/OverZip_Black_B_c088aeca-b1c5-427b-866e-d29606b2ee40.png?v=1581063122,2
,over-zip-black,,,,,,,,,,,,,,,,,,,,,,,https://cdn.shopify.com/s/files/1/0251/7377/products/OverZip_Black_Zip-edit_2b22bb66-50cc-4989-bda2-46c72e26dad9.png?v=1581063212,3
,over-zip-black,,,,,,,,,,,,,,,,,,,,,,,https://cdn.shopify.com/s/files/1/0251/7377/products/OverZip_Black_B-Logo_1_24eeed83-8e41-453c-b081-79570b58e4b3.png?v=1581063212,4
,over-zip-black,,,,,,,,,,,,,,,,,,,,,,,https://cdn.shopify.com/s/files/1/0251/7377/products/OverZip_Black_B-Logo_2.png?v=1581063212,5
,over-zip-black,,,,,,,,,,,,,,,,,,,,,,,https://cdn.shopify.com/s/files/1/0251/7377/products/OverZip_Black_FabricDetail_7f6a48b2-ebd3-4dc2-a353-614fc65aaf17.png?v=1581063212,6
,water-bottle,Water Bottle,"<sections><section id=""1""><sectionTitle>Details</sectionTitle><sectionBody>Meet your new favorite training companion Stay hydrated and keep your liquid chill all day</sectionBody></section><section id=""2""><sectionTitle>Size &amp;amp; Fit</sectionTitle><sectionBody>Click buy for more sizing information.</sectionBody></section><section id=""3""><sectionTitle>Shipping &amp;amp; Returns</sectionTitle><sectionBody>Free shipping. Free returns</sectionBody></section><sizes><size instock=""true""><string>OS</string><variant>30770362548311</variant></size></sizes></sections>",Ten Thousand-men,water bottle,"ten-thousand, , accessories, discounted, main-product, type-single",,Title,Default Title,Link,https://www.tenthousand.cc/products/water-bottle,,,,0,,deny,manual,28.00,,True,True,,https://cdn.shopify.com/s/files/1/0251/7377/products/ten-thousand-water-bottle-front.png?v=1571238412,1,,FALSE,,,,,,,,,,,,,,,,,,,
,water-bottle,,,,,,,,,,,,,,,,,,,,,,,https://cdn.shopify.com/s/files/1/0251/7377/products/ten-thousand-water-bottle-back.png?v=1571238416,2
,water-bottle,,,,,,,,,,,,,,,,,,,,,,,https://cdn.shopify.com/s/files/1/0251/7377/products/ten-thousand-water-bottle-lifestyle-1.png?v=1571680337,3
,water-bottle,,,,,,,,,,,,,,,,,,,,,,,https://cdn.shopify.com/s/files/1/0251/7377/products/ten-thousand-water-bottle-lifestyle-2.png?v=1571680339,4
,session-short-no-liner-black,Session Short (No Liner) - Black,"<sections><section id=""1""><sectionTitle>Details</sectionTitle><sectionBody>Ultra light and pared back for a minimalist short that gets out of your way</sectionBody></section><section id=""2""><sectionTitle>Size &amp;amp; Fit</sectionTitle><sectionBody>Click buy for more sizing information.</sectionBody></section><section id=""3""><sectionTitle>Shipping &amp;amp; Returns</sectionTitle><sectionBody>Free shipping. Free returns</sectionBody></section><sizes><size instock=""true""><string>Small / 7-inch (Inseam)</string><variant>29224753332311</variant></size><size instock=""true""><string>Small / 5-inch (Inseam)</string><variant>29224750481495</variant></size><size instock=""true""><string>Medium / 7-inch (Inseam)</string><variant>29224753397847</variant></size><size instock=""true""><string>Medium / 5-inch (Inseam)</string><variant>29224753365079</variant></size><size instock=""true""><string>Large / 7-inch (Inseam)</string><variant>29224753463383</variant></size><size instock=""true""><string>Large / 5-inch (Inseam)</string><variant>29224753430615</variant></size><size instock=""true""><string>XL / 7-inch (Inseam)</string><variant>29224753528919</variant></size><size instock=""true""><string>XL / 5-inch (Inseam)</string><variant>29224753496151</variant></size></sizes></sections>",Ten Thousand-men,session short,"ten-thousand, , discounted, discounted-doubleup, type-shorts",,Title,Default Title,Link,https://www.tenthousand.cc/products/session-short-no-liner?variant=29224753332311,,,,2223,,deny,manual,58.00,,True,True,,https://cdn.shopify.com/s/files/1/0251/7377/products/Session5_Black_Front_9cbb3258-bf15-4bc8-872c-8d9deefa7ec0.png?v=1581005952,1,,FALSE,,,,,,,,,,,,,,,,,,,
,session-short-no-liner-black,,,,,,,,,,,,,,,,,,,,,,,https://cdn.shopify.com/s/files/1/0251/7377/products/Session7_Black_Front_2b5ada31-4bf4-436a-a612-c18458bf7f06.png?v=1581006548,2
,3-4-tight-black,3/4 Tight - Black,"<sections><section id=""1""><sectionTitle>Details</sectionTitle><sectionBody>Lightweight and breathable support for all your high intensity sessions</sectionBody></section><section id=""2""><sectionTitle>Size &amp;amp; Fit</sectionTitle><sectionBody>Click buy for more sizing information.</sectionBody></section><section id=""3""><sectionTitle>Shipping &amp;amp; Returns</sectionTitle><sectionBody>Free shipping. Free returns</sectionBody></section><sizes><size instock=""true""><string>SMALL</string><variant>28016516104279</variant></size><size instock=""false""><string>MEDIUM</string><variant>28016389029975</variant></size><size instock=""false""><string>LARGE</string><variant>28016389062743</variant></size><size instock=""true""><string>XL</string><variant>28016389095511</variant></size></sizes></sections>",Ten Thousand-men,3/4 tight,"ten-thousand, , baselayers, discounted, main-product, type-baselayers",,Title,Default Title,Link,https://www.tenthousand.cc/products/3-4-tight?variant=28016516104279,,,,170,,deny,manual,68.00,,True,True,,https://cdn.shopify.com/s/files/1/0251/7377/products/Ten_Thousand_3-4-compression-tight-black-front-X_31a274c2-626e-46ba-9656-9f3a0f719444.png?v=1567110781,1,,FALSE,,,,,,,,,,,,,,,,,,,
,3-4-tight-black,,,,,,,,,,,,,,,,,,,,,,,https://cdn.shopify.com/s/files/1/0251/7377/products/Ten_Thousand_3-4-compression-tight-black-right.png?v=1567110781,2
,3-4-tight-black,,,,,,,,,,,,,,,,,,,,,,,https://cdn.shopify.com/s/files/1/0251/7377/products/Ten_Thousand_3-4-compression-tight-black-back_5af40acc-6785-4020-8fa1-ed3c8dc1dd2e.png?v=1567110781,3
,3-4-tight-black,,,,,,,,,,,,,,,,,,,,,,,https://cdn.shopify.com/s/files/1/0251/7377/products/Ten_Thousand_3-4-compression-tight-black-left-revise.png?v=1567110781,4
,3-4-tight-black,,,,,,,,,,,,,,,,,,,,,,,https://cdn.shopify.com/s/files/1/0251/7377/products/34Tight_Black_FabricDetail.png?v=1581061529,5
,3-4-tight-black,,,,,,,,,,,,,,,,,,,,,,,https://cdn.shopify.com/s/files/1/0251/7377/products/34Tight_Black_GripperHem.png?v=1581061541,6
,training-crew-sock-black,Training Crew Sock - Black,"<sections><section id=""1""><sectionTitle>Details</sectionTitle><sectionBody>An elevated training staple packed with features for comfort and breathability in every session</sectionBody></section><section id=""2""><sectionTitle>Size &amp;amp; Fit</sectionTitle><sectionBody>Click buy for more sizing information.</sectionBody></section><section id=""3""><sectionTitle>Shipping &amp;amp; Returns</sectionTitle><sectionBody>Free shipping. Free returns</sectionBody></section><sizes><size instock=""true""><string>OS</string><variant>19748923048023</variant></size></sizes></sections>",Ten Thousand-men,training crew sock,"ten-thousand, , baselayers, discounted, main-product, sync-hide-ids-3516898377815-3594882449495, type-socks",,Title,Default Title,Link,https://www.tenthousand.cc/products/training-crew-sock?variant=19748923048023,,,,57,,deny,manual,16.00,,True,True,,https://cdn.shopify.com/s/files/1/0251/7377/products/1-ten_thousand_training-crew-sock-black-900-double_900x_a8ff49ba-ed07-4ba4-ba9d-4a28444e6aec.png?v=1581216108,1,,FALSE,,,,,,,,,,,,,,,,,,,
,training-crew-sock-black,,,,,,,,,,,,,,,,,,,,,,,https://cdn.shopify.com/s/files/1/0251/7377/products/2-ten_thousand_training-crew-sock-black-900-double-back-full.png?v=1581216108,2
,training-crew-sock-black,,,,,,,,,,,,,,,,,,,,,,,https://cdn.shopify.com/s/files/1/0251/7377/products/4-ten_thousand_training-crew-sock-black-900-double-bottom.png?v=1581216108,3
,training-crew-sock-black,,,,,,,,,,,,,,,,,,,,,,,https://cdn.shopify.com/s/files/1/0251/7377/products/1-ten_thousand_training-crew-sock-black-900-silver-thread.png?v=1581216108,4
,training-crew-sock-light-grey,Training Crew Sock - Light Grey,"<sections><section id=""1""><sectionTitle>Details</sectionTitle><sectionBody>An elevated training staple packed with features for comfort and breathability in every session</sectionBody></section><section id=""2""><sectionTitle>Size &amp;amp; Fit</sectionTitle><sectionBody>Click buy for more sizing information.</sectionBody></section><section id=""3""><sectionTitle>Shipping &amp;amp; Returns</sectionTitle><sectionBody>Free shipping. Free returns</sectionBody></section><sizes><size instock=""true""><string>OS</string><variant>28398365835351</variant></size></sizes></sections>",Ten Thousand-men,training crew sock,"ten-thousand, , baselayers, discounted, main-product, sync-hide-ids-3516898377815-3594882449495, type-socks",,Title,Default Title,Link,https://www.tenthousand.cc/products/training-crew-sock?variant=28398365835351,,,,57,,deny,manual,16.00,,True,True,,https://cdn.shopify.com/s/files/1/0251/7377/products/ten_thousand_training-crew-sock-grey-side_copy_900x_43e32fa2-ab3a-4199-b450-6ae0f91ca82f.png?v=1581216108,1,,FALSE,,,,,,,,,,,,,,,,,,,
,training-crew-sock-light-grey,,,,,,,,,,,,,,,,,,,,,,,https://cdn.shopify.com/s/files/1/0251/7377/products/6-ten_thousand_training-crew-sock-black-900-package.png?v=1581216108,2
,training-crew-sock-light-grey,,,,,,,,,,,,,,,,,,,,,,,https://cdn.shopify.com/s/files/1/0251/7377/products/ten-thousand-training-crew-sock-fit-front.jpg?v=1581216108,3
,training-crew-sock-light-grey,,,,,,,,,,,,,,,,,,,,,,,https://cdn.shopify.com/s/files/1/0251/7377/products/ten-thousand-training-crew-sock-fit-side.jpg?v=1581216108,4
,training-crew-sock-light-grey,,,,,,,,,,,,,,,,,,,,,,,https://cdn.shopify.com/s/files/1/0251/7377/products/ten-thousand-training-crew-sock-fit-back.jpg?v=1581216108,5
,foundation-short-liner-black,Foundation Short (Liner) - Black,"<sections><section id=""1""><sectionTitle>Details</sectionTitle><sectionBody>Durability and comfort for every gym session and weekend adventure</sectionBody></section><section id=""2""><sectionTitle>Size &amp;amp; Fit</sectionTitle><sectionBody>Click buy for more sizing information.</sectionBody></section><section id=""3""><sectionTitle>Shipping &amp;amp; Returns</sectionTitle><sectionBody>Free shipping. Free returns</sectionBody></section><sizes><size instock=""true""><string>Small / 7-inch (Inseam)</string><variant>15900279406679</variant></size><size instock=""true""><string>Small / 9-inch (Inseam)</string><variant>29442512617559</variant></size><size instock=""false""><string>Medium / 7-inch (Inseam)</string><variant>15900279439447</variant></size><size instock=""true""><string>Medium / 9-inch (Inseam)</string><variant>29442512781399</variant></size><size instock=""true""><string>Large / 7-inch (Inseam)</string><variant>15900279472215</variant></size><size instock=""true""><string>Large / 9-inch (Inseam)</string><variant>29442512846935</variant></size><size instock=""true""><string>XL / 7-inch (Inseam)</string><variant>15900279504983</variant></size><size instock=""true""><string>XL / 9-inch (Inseam)</string><variant>29442515501143</variant></size></sizes></sections>",Ten Thousand-men,foundation short,"ten-thousand, , discounted, discounted-doubleup, type-shorts",,Title,Default Title,Link,https://www.tenthousand.cc/products/foundation-short-liner?variant=15900279406679,,,,289,,deny,manual,68.00,,True,True,,https://cdn.shopify.com/s/files/1/0251/7377/products/Foundation7_Black_Front_05211059-b39e-4ebc-8cb3-409567abb84d.png?v=1585724940,1,,FALSE,,,,,,,,,,,,,,,,,,,
,foundation-short-liner-black,,,,,,,,,,,,,,,,,,,,,,,https://cdn.shopify.com/s/files/1/0251/7377/products/Foundation9_Black_Front_85675907-75c1-4c89-96fd-c2f63defd0df.png?v=1585724940,2
,foundation-short-liner-stone-blue,Foundation Short (Liner) - Stone Blue,"<sections><section id=""1""><sectionTitle>Details</sectionTitle><sectionBody>Durability and comfort for every gym session and weekend adventure</sectionBody></section><section id=""2""><sectionTitle>Size &amp;amp; Fit</sectionTitle><sectionBody>Click buy for more sizing information.</sectionBody></section><section id=""3""><sectionTitle>Shipping &amp;amp; Returns</sectionTitle><sectionBody>Free shipping. Free returns</sectionBody></section><sizes><size instock=""true""><string>Small / 7-inch (Inseam)</string><variant>28398379761751</variant></size><size instock=""false""><string>Medium / 7-inch (Inseam)</string><variant>28398379794519</variant></size><size instock=""false""><string>Large / 7-inch (Inseam)</string><variant>28398379827287</variant></size><size instock=""false""><string>XL / 7-inch (Inseam)</string><variant>28398379860055</variant></size></sizes></sections>",Ten Thousand-men,foundation short,"ten-thousand, , discounted, discounted-doubleup, type-shorts",,Title,Default Title,Link,https://www.tenthousand.cc/products/foundation-short-liner?variant=28398379761751,,,,289,,deny,manual,68.00,,True,True,,https://cdn.shopify.com/s/files/1/0251/7377/products/Foundation7_StoneBlue_Front_638659d4-03e0-427e-8d34-357f7da74ab2.png?v=1585724940,1,,FALSE,,,,,,,,,,,,,,,,,,,
,foundation-short-liner-stone-blue,,,,,,,,,,,,,,,,,,,,,,,https://cdn.shopify.com/s/files/1/0251/7377/products/Foundation7_StoneBlue_Back_3516b013-162e-461a-85e4-a1a16a83442e.png?v=1585724940,2
,foundation-short-liner-stone-blue,,,,,,,,,,,,,,,,,,,,,,,https://cdn.shopify.com/s/files/1/0251/7377/products/Foundation9_StoneBlue_Front_b8cc7fa5-d53c-41e1-ab07-69e533523a74.png?v=1585724940,3
,foundation-short-liner-stone-blue,,,,,,,,,,,,,,,,,,,,,,,https://cdn.shopify.com/s/files/1/0251/7377/products/Foundation7_StoneBlue_FabricDetail_d252a21d-8fa6-4ec9-8985-8a926ace15c4.png?v=1585724940,4
,foundation-short-liner-stone-blue,,,,,,,,,,,,,,,,,,,,,,,https://cdn.shopify.com/s/files/1/0251/7377/products/Foundation7_StoneBlue_Moisture_84945848-8451-4e0b-bdea-705f8ab71c30.png?v=1585724940,5
,foundation-short-liner-stone-blue,,,,,,,,,,,,,,,,,,,,,,,https://cdn.shopify.com/s/files/1/0251/7377/products/Foundation7_StoneBlue_Pocket_c8a1604d-1a63-4cd6-9326-4d209d2a1d22.png?v=1585724940,6
,session-short-black,Session Short (Liner) - Black,"<sections><section id=""1""><sectionTitle>Details</sectionTitle><sectionBody>Ultra light and pared back for a minimalist short that gets out of your way</sectionBody></section><section id=""2""><sectionTitle>Size &amp;amp; Fit</sectionTitle><sectionBody>Click buy for more sizing information.</sectionBody></section><section id=""3""><sectionTitle>Shipping &amp;amp; Returns</sectionTitle><sectionBody>Free shipping. Free returns</sectionBody></section><sizes><size instock=""true""><string>XS / 5-inch (Inseam)</string><variant>29446780125271</variant></size><size instock=""true""><string>Small / 5-inch (Inseam)</string><variant>15818310844503</variant></size><size instock=""true""><string>Small / 7-inch (Inseam)</string><variant>15846605619287</variant></size><size instock=""true""><string>Medium / 5-inch (Inseam)</string><variant>15498679681111</variant></size><size instock=""true""><string>Medium / 7-inch (Inseam)</string><variant>15818312024151</variant></size><size instock=""true""><string>Large / 5-inch (Inseam)</string><variant>15498679713879</variant></size><size instock=""true""><string>Large / 7-inch (Inseam)</string><variant>15818314088535</variant></size><size instock=""true""><string>XL / 5-inch (Inseam)</string><variant>15498679746647</variant></size><size instock=""true""><string>XL / 7-inch (Inseam)</string><variant>15818341679191</variant></size><size instock=""true""><string>XXL / 5-inch (Inseam)</string><variant>29446780158039</variant></size></sizes></sections>",Ten Thousand-men,session short,"ten-thousand, , bottoms, discounted, discounted-doubleup, hide-army, hide-brick-red, hide-maroon, hide-otter-grey, hide-storm-blue, hide-tourmaline, main-product, shorts, spinimages-24, sync-hide-ids-3483217592407-3517608788055-1996068520023, type-shorts",,Title,Default Title,Link,https://www.tenthousand.cc/products/session-short?variant=29446780125271,,,,198,,deny,manual,68.00,,True,True,,https://cdn.shopify.com/s/files/1/0251/7377/products/Session5_Black_Front.png?v=1586385444,1,,FALSE,,,,,,,,,,,,,,,,,,,
,session-short-black,,,,,,,,,,,,,,,,,,,,,,,https://cdn.shopify.com/s/files/1/0251/7377/products/Session7_Black_Front.png?v=1586385444,2
,session-short-black,,,,,,,,,,,,,,,,,,,,,,,https://cdn.shopify.com/s/files/1/0251/7377/products/SessionShortBlackCamoFront5.png?v=1586385444,3
,session-short-black,,,,,,,,,,,,,,,,,,,,,,,https://cdn.shopify.com/s/files/1/0251/7377/products/SessionShortBlackCamoFront7.png?v=1586385444,4
,session-short-army,Session Short (Liner) - Army,"<sections><section id=""1""><sectionTitle>Details</sectionTitle><sectionBody>Ultra light and pared back for a minimalist short that gets out of your way</sectionBody></section><section id=""2""><sectionTitle>Size &amp;amp; Fit</sectionTitle><sectionBody>Click buy for more sizing information.</sectionBody></section><section id=""3""><sectionTitle>Shipping &amp;amp; Returns</sectionTitle><sectionBody>Free shipping. Free returns</sectionBody></section><sizes><size instock=""true""><string>Small / 5-inch (Inseam)</string><variant>30298803699799</variant></size><size instock=""false""><string>Small / 7-inch (Inseam)</string><variant>30298804125783</variant></size><size instock=""false""><string>Medium / 5-inch (Inseam)</string><variant>30298803863639</variant></size><size instock=""false""><string>Medium / 7-inch (Inseam)</string><variant>30298804191319</variant></size><size instock=""false""><string>Large / 5-inch (Inseam)</string><variant>30298803929175</variant></size><size instock=""false""><string>Large / 7-inch (Inseam)</string><variant>30298804518999</variant></size><size instock=""false""><string>XL / 5-inch (Inseam)</string><variant>30298803994711</variant></size><size instock=""false""><string>XL / 7-inch (Inseam)</string><variant>30298804682839</variant></size></sizes></sections>",Ten Thousand-men,session short,"ten-thousand, , bottoms, discounted, discounted-doubleup, hide-army, hide-brick-red, hide-maroon, hide-otter-grey, hide-storm-blue, hide-tourmaline, main-product, shorts, spinimages-24, sync-hide-ids-3483217592407-3517608788055-1996068520023, type-shorts",,Title,Default Title,Link,https://www.tenthousand.cc/products/session-short?variant=30298803699799,,,,198,,deny,manual,68.00,,True,True,,https://cdn.shopify.com/s/files/1/0251/7377/products/Session5_Army_Front.png?v=1586385444,1,,FALSE,,,,,,,,,,,,,,,,,,,
,session-short-army,,,,,,,,,,,,,,,,,,,,,,,https://cdn.shopify.com/s/files/1/0251/7377/products/Session7_Army_Front.png?v=1586385444,2
,session-short-navy,Session Short (Liner) - Navy,"<sections><section id=""1""><sectionTitle>Details</sectionTitle><sectionBody>Ultra light and pared back for a minimalist short that gets out of your way</sectionBody></section><section id=""2""><sectionTitle>Size &amp;amp; Fit</sectionTitle><sectionBody>Click buy for more sizing information.</sectionBody></section><section id=""3""><sectionTitle>Shipping &amp;amp; Returns</sectionTitle><sectionBody>Free shipping. Free returns</sectionBody></section><sizes><size instock=""true""><string>Small / 5-inch (Inseam)</string><variant>15832130945111</variant></size><size instock=""true""><string>Small / 7-inch (Inseam)</string><variant>15832131731543</variant></size><size instock=""true""><string>Medium / 5-inch (Inseam)</string><variant>15832130977879</variant></size><size instock=""false""><string>Medium / 7-inch (Inseam)</string><variant>15832131338327</variant></size><size instock=""true""><string>Large / 5-inch (Inseam)</string><variant>15832131043415</variant></size><size instock=""false""><string>Large / 7-inch (Inseam)</string><variant>15832131305559</variant></size><size instock=""true""><string>XL / 5-inch (Inseam)</string><variant>15832131141719</variant></size><size instock=""false""><string>XL / 7-inch (Inseam)</string><variant>15832131272791</variant></size></sizes></sections>",Ten Thousand-men,session short,"ten-thousand, , bottoms, discounted, discounted-doubleup, hide-army, hide-brick-red, hide-maroon, hide-otter-grey, hide-storm-blue, hide-tourmaline, main-product, shorts, spinimages-24, sync-hide-ids-3483217592407-3517608788055-1996068520023, type-shorts",,Title,Default Title,Link,https://www.tenthousand.cc/products/session-short?variant=15832130945111,,,,198,,deny,manual,68.00,,True,True,,https://cdn.shopify.com/s/files/1/0251/7377/products/Session5_Navy_Front.png?v=1586385444,1,,FALSE,,,,,,,,,,,,,,,,,,,
,session-short-navy,,,,,,,,,,,,,,,,,,,,,,,https://cdn.shopify.com/s/files/1/0251/7377/products/Session7_Navy_Front.png?v=1586385444,2
,session-short-maroon,Session Short (Liner) - Maroon,"<sections><section id=""1""><sectionTitle>Details</sectionTitle><sectionBody>Ultra light and pared back for a minimalist short that gets out of your way</sectionBody></section><section id=""2""><sectionTitle>Size &amp;amp; Fit</sectionTitle><sectionBody>Click buy for more sizing information.</sectionBody></section><section id=""3""><sectionTitle>Shipping &amp;amp; Returns</sectionTitle><sectionBody>Free shipping. Free returns</sectionBody></section><sizes><size instock=""false""><string>Small / 5-inch (Inseam)</string><variant>29221574279255</variant></size><size instock=""false""><string>Small / 7-inch (Inseam)</string><variant>29221574901847</variant></size><size instock=""false""><string>Medium / 5-inch (Inseam)</string><variant>29221574312023</variant></size><size instock=""false""><string>Medium / 7-inch (Inseam)</string><variant>29221574934615</variant></size><size instock=""false""><string>Large / 5-inch (Inseam)</string><variant>29221574508631</variant></size><size instock=""false""><string>Large / 7-inch (Inseam)</string><variant>29221574967383</variant></size><size instock=""true""><string>XL / 5-inch (Inseam)</string><variant>29221574574167</variant></size><size instock=""true""><string>XL / 7-inch (Inseam)</string><variant>29221575000151</variant></size></sizes></sections>",Ten Thousand-men,session short,"ten-thousand, , bottoms, discounted, discounted-doubleup, hide-army, hide-brick-red, hide-maroon, hide-otter-grey, hide-storm-blue, hide-tourmaline, main-product, shorts, spinimages-24, sync-hide-ids-3483217592407-3517608788055-1996068520023, type-shorts",,Title,Default Title,Link,https://www.tenthousand.cc/products/session-short?variant=29221574279255,,,,198,,deny,manual,68.00,,True,True,,https://cdn.shopify.com/s/files/1/0251/7377/products/Session5_Maroon_Front.png?v=1586385444,1,,FALSE,,,,,,,,,,,,,,,,,,,
,session-short-maroon,,,,,,,,,,,,,,,,,,,,,,,https://cdn.shopify.com/s/files/1/0251/7377/products/Session7_Maroon_Front.png?v=1586385444,2
,session-short-tourmaline,Session Short (Liner) - Tourmaline,"<sections><section id=""1""><sectionTitle>Details</sectionTitle><sectionBody>Ultra light and pared back for a minimalist short that gets out of your way</sectionBody></section><section id=""2""><sectionTitle>Size &amp;amp; Fit</sectionTitle><sectionBody>Click buy for more sizing information.</sectionBody></section><section id=""3""><sectionTitle>Shipping &amp;amp; Returns</sectionTitle><sectionBody>Free shipping. Free returns</sectionBody></section><sizes><size instock=""false""><string>Small / 5-inch (Inseam)</string><variant>29240960680023</variant></size><size instock=""false""><string>Small / 7-inch (Inseam)</string><variant>29240963432535</variant></size><size instock=""false""><string>Medium / 5-inch (Inseam)</string><variant>29240961925207</variant></size><size instock=""true""><string>Medium / 7-inch (Inseam)</string><variant>29240963465303</variant></size><size instock=""false""><string>Large / 5-inch (Inseam)</string><variant>29240961957975</variant></size><size instock=""false""><string>Large / 7-inch (Inseam)</string><variant>29240963498071</variant></size><size instock=""false""><string>XL / 5-inch (Inseam)</string><variant>29240961990743</variant></size><size instock=""false""><string>XL / 7-inch (Inseam)</string><variant>29240963530839</variant></size></sizes></sections>",Ten Thousand-men,session short,"ten-thousand, , bottoms, discounted, discounted-doubleup, hide-army, hide-brick-red, hide-maroon, hide-otter-grey, hide-storm-blue, hide-tourmaline, main-product, shorts, spinimages-24, sync-hide-ids-3483217592407-3517608788055-1996068520023, type-shorts",,Title,Default Title,Link,https://www.tenthousand.cc/products/session-short?variant=29240960680023,,,,198,,deny,manual,68.00,,True,True,,https://cdn.shopify.com/s/files/1/0251/7377/products/ten_thousand_Seesion_7__tourmaline_ORIG-web-3_900x_e4b6f327-0855-4ab9-ae69-f1bbcfaf7c87.png?v=1586385444,1,,FALSE,,,,,,,,,,,,,,,,,,,
,session-short-tourmaline,,,,,,,,,,,,,,,,,,,,,,,https://cdn.shopify.com/s/files/1/0251/7377/products/ten_thousand_Seesion_5__tourmaline_ORIG-web-3_900x_6525691e-15d3-4a5c-aa5c-3f149e73df6e.png?v=1586385444,2
,essential-shirt-charcoal-heather,Essential Shirt - Charcoal Heather,"<sections><section id=""1""><sectionTitle>Details</sectionTitle><sectionBody>Comfort and durability for every workout for years to come</sectionBody></section><section id=""2""><sectionTitle>Size &amp;amp; Fit</sectionTitle><sectionBody>Click buy for more sizing information.</sectionBody></section><section id=""3""><sectionTitle>Shipping &amp;amp; Returns</sectionTitle><sectionBody>Free shipping. Free returns</sectionBody></section><sizes><size instock=""true""><string>XS</string><variant>29546322526295</variant></size><size instock=""false""><string>SMALL</string><variant>46255926221</variant></size><size instock=""true""><string>MEDIUM</string><variant>46255926477</variant></size><size instock=""false""><string>LARGE</string><variant>46255926605</variant></size><size instock=""false""><string>XL</string><variant>46255926733</variant></size><size instock=""false""><string>XXL</string><variant>29546322591831</variant></size></sizes></sections>",Ten Thousand-men,essential shirt,"ten-thousand, , discounted, hide-black, hide-grey-logo, hide-navy, hide-stone-blue, hide-stone-blue-logo, main-product, retailer-item-id-10894402125, shirts, spinimages-24, sync-hide-ids-3594900897879-3594903322711, tops, type-shirts",,Title,Default Title,Link,https://www.tenthousand.cc/products/essential-shirt?variant=29546322526295,,,,170,,deny,manual,54.00,,True,True,,https://cdn.shopify.com/s/files/1/0251/7377/products/EssentialTee_CharocalHeather_F.png?v=1581017369,1,,FALSE,,,,,,,,,,,,,,,,,,,
,essential-shirt-charcoal-heather,,,,,,,,,,,,,,,,,,,,,,,https://cdn.shopify.com/s/files/1/0251/7377/products/EssentialTee_CharocalHeather_B.png?v=1581017369,2
,essential-shirt-charcoal-heather,,,,,,,,,,,,,,,,,,,,,,,https://cdn.shopify.com/s/files/1/0251/7377/products/EssentialTee_CharocalHeather_FabricDetail.png?v=1581017369,3
,essential-shirt-charcoal-heather,,,,,,,,,,,,,,,,,,,,,,,https://cdn.shopify.com/s/files/1/0251/7377/products/EssentialTee_CharocalHeather_Logo.png?v=1581017369,4
,essential-shirt-charcoal-heather,,,,,,,,,,,,,,,,,,,,,,,https://cdn.shopify.com/s/files/1/0251/7377/products/EssentialTee_CharocalHeather_Vent.png?v=1581017369,5
,essential-shirt-black-logo,Essential Shirt - Black Logo,"<sections><section id=""1""><sectionTitle>Details</sectionTitle><sectionBody>Comfort and durability for every workout for years to come</sectionBody></section><section id=""2""><sectionTitle>Size &amp;amp; Fit</sectionTitle><sectionBody>Click buy for more sizing information.</sectionBody></section><section id=""3""><sectionTitle>Shipping &amp;amp; Returns</sectionTitle><sectionBody>Free shipping. Free returns</sectionBody></section><sizes><size instock=""true""><string>SMALL</string><variant>12740562223191</variant></size><size instock=""true""><string>MEDIUM</string><variant>12740562288727</variant></size><size instock=""true""><string>LARGE</string><variant>12740564484183</variant></size><size instock=""false""><string>XL</string><variant>12740564516951</variant></size></sizes></sections>",Ten Thousand-men,essential shirt,"ten-thousand, , discounted, hide-black, hide-grey-logo, hide-navy, hide-stone-blue, hide-stone-blue-logo, main-product, retailer-item-id-10894402125, shirts, spinimages-24, sync-hide-ids-3594900897879-3594903322711, tops, type-shirts",,Title,Default Title,Link,https://www.tenthousand.cc/products/essential-shirt?variant=12740562223191,,,,170,,deny,manual,54.00,,True,True,,https://cdn.shopify.com/s/files/1/0251/7377/products/EssentialTee_BlackLogo_F-new.png?v=1581520709,1,,FALSE,,,,,,,,,,,,,,,,,,,
,essential-shirt-black-logo,,,,,,,,,,,,,,,,,,,,,,,https://cdn.shopify.com/s/files/1/0251/7377/products/EssentialTee_BlackLogo_B.png?v=1581520747,2
,essential-shirt-black-logo,,,,,,,,,,,,,,,,,,,,,,,https://cdn.shopify.com/s/files/1/0251/7377/products/EssentialTee_Black_FrontLogo.png?v=1581520747,3
,essential-shirt-black-logo,,,,,,,,,,,,,,,,,,,,,,,https://cdn.shopify.com/s/files/1/0251/7377/products/EssentialTee_Black_FabricDetail.png?v=1581520747,4
,essential-shirt-black-logo,,,,,,,,,,,,,,,,,,,,,,,https://cdn.shopify.com/s/files/1/0251/7377/products/EssentialTee_Black_Logo.png?v=1581520747,5
,essential-shirt-black-logo,,,,,,,,,,,,,,,,,,,,,,,https://cdn.shopify.com/s/files/1/0251/7377/products/EssentialTee_Black_Vent.png?v=1581520747,6
,essential-shirt-black,Essential Shirt - Black,"<sections><section id=""1""><sectionTitle>Details</sectionTitle><sectionBody>Comfort and durability for every workout for years to come</sectionBody></section><section id=""2""><sectionTitle>Size &amp;amp; Fit</sectionTitle><sectionBody>Click buy for more sizing information.</sectionBody></section><section id=""3""><sectionTitle>Shipping &amp;amp; Returns</sectionTitle><sectionBody>Free shipping. Free returns</sectionBody></section><sizes><size instock=""true""><string>SMALL</string><variant>12740562223191</variant></size><size instock=""true""><string>MEDIUM</string><variant>12740562288727</variant></size><size instock=""true""><string>LARGE</string><variant>12740564484183</variant></size><size instock=""false""><string>XL</string><variant>12740564516951</variant></size></sizes></sections>",Ten Thousand-men,essential shirt,"ten-thousand, , discounted, hide-black, hide-grey-logo, hide-navy, hide-stone-blue, hide-stone-blue-logo, main-product, retailer-item-id-10894402125, shirts, spinimages-24, sync-hide-ids-3594900897879-3594903322711, tops, type-shirts",,Title,Default Title,Link,https://www.tenthousand.cc/products/essential-shirt?variant=12740562223191,,,,170,,deny,manual,54.00,,True,True,,https://cdn.shopify.com/s/files/1/0251/7377/products/ten_thousand_Essential_T_Shirt_black_edit-web.png?v=1581520747,1,,FALSE,,,,,,,,,,,,,,,,,,,
,essential-shirt-black,,,,,,,,,,,,,,,,,,,,,,,https://cdn.shopify.com/s/files/1/0251/7377/products/ten_thousand_Essential_T_Shirt_black_back_web.png?v=1581520747,2
,compression-short-black,Compression Short - Black,"<sections><section id=""1""><sectionTitle>Details</sectionTitle><sectionBody>Packed with features the Compression Short is your go to baselayer</sectionBody></section><section id=""2""><sectionTitle>Size &amp;amp; Fit</sectionTitle><sectionBody>Click buy for more sizing information.</sectionBody></section><section id=""3""><sectionTitle>Shipping &amp;amp; Returns</sectionTitle><sectionBody>Free shipping. Free returns</sectionBody></section><sizes><size instock=""true""><string>Small / 7-inch (Inseam)</string><variant>46255320525</variant></size><size instock=""true""><string>Medium / 7-inch (Inseam)</string><variant>46255320589</variant></size><size instock=""true""><string>Large / 7-inch (Inseam)</string><variant>46255320845</variant></size><size instock=""true""><string>XL / 7-inch (Inseam)</string><variant>46255320973</variant></size></sizes></sections>",Ten Thousand-men,compression short,"ten-thousand, , baselayers, discounted, main-product, retailer-item-id-10895742157, spinimages-24, type-baselayers",,Title,Default Title,Link,https://www.tenthousand.cc/products/compression-short?variant=46255320525,,,,102,,deny,manual,44.00,,True,True,,https://cdn.shopify.com/s/files/1/0251/7377/products/Ten_Thousand_Compression_Short_black_7-inch-front_900x_198c65b8-2c2c-4a64-bc8a-6b568948e8cc.png?v=1581062086,1,,FALSE,,,,,,,,,,,,,,,,,,,
,compression-short-black,,,,,,,,,,,,,,,,,,,,,,,https://cdn.shopify.com/s/files/1/0251/7377/products/Ten_Thousand_Compression_Short_black_9-inch-front_900x_d80a897a-f37b-446a-84c2-7e2732c3193b.png?v=1583920071,2
,compression-short-black,,,,,,,,,,,,,,,,,,,,,,,https://cdn.shopify.com/s/files/1/0251/7377/products/Ten_Thousand_Compression_Short_black_7-inch-right_900x_6f180d5d-da3a-4746-b30b-f520d2ce2cb4.png?v=1583413405,3
,compression-short-black,,,,,,,,,,,,,,,,,,,,,,,https://cdn.shopify.com/s/files/1/0251/7377/products/Ten_Thousand_Compression_Short_black_7-inch-back_900x_492bee19-a605-4ab7-b34e-74cd77b60142.png?v=1583413405,4
,compression-short-black,,,,,,,,,,,,,,,,,,,,,,,https://cdn.shopify.com/s/files/1/0251/7377/products/Ten_Thousand_Compression_Short_black_7-inch-left_900x_5fdc6ee5-e247-4e6b-8612-805a96d2bb38.png?v=1583413405,5
,compression-short-black,,,,,,,,,,,,,,,,,,,,,,,https://cdn.shopify.com/s/files/1/0251/7377/products/CompressionShort_Black_FabricDetail.png?v=1581062086,6
,interval-short-no-liner-black-camo,Interval Short (No Liner) - Black Camo,"<sections><section id=""1""><sectionTitle>Details</sectionTitle><sectionBody>Versatility and mobility to perfectly handle whatever you throw at it</sectionBody></section><section id=""2""><sectionTitle>Size &amp;amp; Fit</sectionTitle><sectionBody>Click buy for more sizing information.</sectionBody></section><section id=""3""><sectionTitle>Shipping &amp;amp; Returns</sectionTitle><sectionBody>Free shipping. Free returns</sectionBody></section><sizes><size instock=""true""><string>Small / 7-inch (Inseam)</string><variant>31553195180119</variant></size><size instock=""false""><string>Medium / 7-inch (Inseam)</string><variant>31553195376727</variant></size><size instock=""false""><string>Large / 7-inch (Inseam)</string><variant>31553195507799</variant></size><size instock=""false""><string>XL / 7-inch (Inseam)</string><variant>31553197768791</variant></size></sizes></sections>",Ten Thousand-men,interval short,"ten-thousand, , discounted, discounted-doubleup, type-shorts",,Title,Default Title,Link,https://www.tenthousand.cc/products/interval-short-no-liner?variant=31553195180119,,,,179,,deny,manual,58.00,,True,True,,https://cdn.shopify.com/s/files/1/0251/7377/products/InvervalShortBlackCamoFront7-2_d22ed00e-02d9-4b45-b087-d9bec1df9fe1.png?v=1585583777,1,,FALSE,,,,,,,,,,,,,,,,,,,
,interval-short-no-liner-black-camo,,,,,,,,,,,,,,,,,,,,,,,https://cdn.shopify.com/s/files/1/0251/7377/products/InvervalShortBlackCamoBack7-2_88f2e744-c5ba-4282-a87a-c04436548bee.png?v=1585583784,2
,interval-short-no-liner-black-camo,,,,,,,,,,,,,,,,,,,,,,,https://cdn.shopify.com/s/files/1/0251/7377/products/interval_camo_detiail1-2_95d97827-429a-4bba-a66e-1cc6155ea798.png?v=1585583773,3
,interval-short-no-liner-black-camo,,,,,,,,,,,,,,,,,,,,,,,https://cdn.shopify.com/s/files/1/0251/7377/products/interval_camo_pocket-2_3be4cdf7-c167-4482-9468-2b3affc14c15.png?v=1585583773,4
,interval-short-no-liner-black,Interval Short (No Liner) - Black,"<sections><section id=""1""><sectionTitle>Details</sectionTitle><sectionBody>Versatility and mobility to perfectly handle whatever you throw at it</sectionBody></section><section id=""2""><sectionTitle>Size &amp;amp; Fit</sectionTitle><sectionBody>Click buy for more sizing information.</sectionBody></section><section id=""3""><sectionTitle>Shipping &amp;amp; Returns</sectionTitle><sectionBody>Free shipping. Free returns</sectionBody></section><sizes><size instock=""true""><string>Small / 7-inch (Inseam)</string><variant>31553195180119</variant></size><size instock=""false""><string>Medium / 7-inch (Inseam)</string><variant>31553195376727</variant></size><size instock=""false""><string>Large / 7-inch (Inseam)</string><variant>31553195507799</variant></size><size instock=""false""><string>XL / 7-inch (Inseam)</string><variant>31553197768791</variant></size><size instock=""false""><string>Small / 9-inch (Inseam)</string><variant>29442550595671</variant></size><size instock=""false""><string>Medium / 9-inch (Inseam)</string><variant>29442550628439</variant></size><size instock=""false""><string>Large / 9-inch (Inseam)</string><variant>29442551447639</variant></size><size instock=""false""><string>XL / 9-inch (Inseam)</string><variant>29442551480407</variant></size></sizes></sections>",Ten Thousand-men,interval short,"ten-thousand, , discounted, discounted-doubleup, type-shorts",,Title,Default Title,Link,https://www.tenthousand.cc/products/interval-short-no-liner?variant=31553195180119,,,,179,,deny,manual,58.00,,True,True,,https://cdn.shopify.com/s/files/1/0251/7377/products/Interval7_Black_Front_20601ed1-2fc2-4563-b1af-3019facde24c.png?v=1585583719,1,,FALSE,,,,,,,,,,,,,,,,,,,
,interval-short-no-liner-black,,,,,,,,,,,,,,,,,,,,,,,https://cdn.shopify.com/s/files/1/0251/7377/products/Interval9_Black_Front_885b287c-35ba-4394-af5a-a67987b7d25b.png?v=1585583719,2
,foundation-short-black,Foundation Short (No Liner) - Black,"<sections><section id=""1""><sectionTitle>Details</sectionTitle><sectionBody>Durability and comfort for every gym session and weekend adventure</sectionBody></section><section id=""2""><sectionTitle>Size &amp;amp; Fit</sectionTitle><sectionBody>Click buy for more sizing information.</sectionBody></section><section id=""3""><sectionTitle>Shipping &amp;amp; Returns</sectionTitle><sectionBody>Free shipping. Free returns</sectionBody></section><sizes><size instock=""true""><string>XS / 7-inch (Inseam)</string><variant>29228625625175</variant></size><size instock=""true""><string>Small / 7-inch (Inseam)</string><variant>8195641344087</variant></size><size instock=""false""><string>Small / 9-inch (Inseam)</string><variant>19535874293847</variant></size><size instock=""true""><string>Medium / 7-inch (Inseam)</string><variant>8195641540695</variant></size><size instock=""true""><string>Medium / 9-inch (Inseam)</string><variant>19535874392151</variant></size><size instock=""true""><string>Large / 7-inch (Inseam)</string><variant>8195642392663</variant></size><size instock=""true""><string>Large / 9-inch (Inseam)</string><variant>19535874719831</variant></size><size instock=""false""><string>XL / 7-inch (Inseam)</string><variant>8195643637847</variant></size><size instock=""true""><string>XL / 9-inch (Inseam)</string><variant>19535885041751</variant></size><size instock=""false""><string>XXL / 7-inch (Inseam)</string><variant>29228628050007</variant></size></sizes></sections>",Ten Thousand-men,foundation short,"ten-thousand, , bottoms, discounted, discounted-doubleup, hide-army, hide-charcoal, hide-fatigue, hide-dark-teal, hide-henna, hide-light-grey, hide-storm-blue, main-product, retailer-item-id-8568917197, shorts, spinimages-24, sync-hide-ids-3517607444567-3517603610711-1999652978775, test, type-shorts",,Title,Default Title,Link,https://www.tenthousand.cc/products/foundation-short?variant=29228625625175,,,,218,,deny,manual,58.00,,True,True,,https://cdn.shopify.com/s/files/1/0251/7377/products/Foundation7_Black_Front_2466b353-6938-4c83-bbd9-cf702b484c42.png?v=1580995614,1,,FALSE,,,,,,,,,,,,,,,,,,,
,foundation-short-black,,,,,,,,,,,,,,,,,,,,,,,https://cdn.shopify.com/s/files/1/0251/7377/products/Foundation9_Black_Front_386f0570-ba4f-4629-b1b3-beb8d682a9f4.png?v=1580996141,2
,foundation-short-stone-blue,Foundation Short (No Liner) - Stone Blue,"<sections><section id=""1""><sectionTitle>Details</sectionTitle><sectionBody>Durability and comfort for every gym session and weekend adventure</sectionBody></section><section id=""2""><sectionTitle>Size &amp;amp; Fit</sectionTitle><sectionBody>Click buy for more sizing information.</sectionBody></section><section id=""3""><sectionTitle>Shipping &amp;amp; Returns</sectionTitle><sectionBody>Free shipping. Free returns</sectionBody></section><sizes><size instock=""true""><string>Small / 7-inch (Inseam)</string><variant>12626585419863</variant></size><size instock=""false""><string>Small / 9-inch (Inseam)</string><variant>28398374944855</variant></size><size instock=""true""><string>Medium / 7-inch (Inseam)</string><variant>12626585911383</variant></size><size instock=""false""><string>Medium / 9-inch (Inseam)</string><variant>28398374977623</variant></size><size instock=""true""><string>Large / 7-inch (Inseam)</string><variant>12626586271831</variant></size><size instock=""true""><string>Large / 9-inch (Inseam)</string><variant>28398375010391</variant></size><size instock=""false""><string>XL / 7-inch (Inseam)</string><variant>12626588336215</variant></size><size instock=""false""><string>XL / 9-inch (Inseam)</string><variant>28398375043159</variant></size></sizes></sections>",Ten Thousand-men,foundation short,"ten-thousand, , bottoms, discounted, discounted-doubleup, hide-army, hide-charcoal, hide-fatigue, hide-dark-teal, hide-henna, hide-light-grey, hide-storm-blue, main-product, retailer-item-id-8568917197, shorts, spinimages-24, sync-hide-ids-3517607444567-3517603610711-1999652978775, test, type-shorts",,Title,Default Title,Link,https://www.tenthousand.cc/products/foundation-short?variant=12626585419863,,,,218,,deny,manual,58.00,,True,True,,https://cdn.shopify.com/s/files/1/0251/7377/products/Foundation7_StoneBlue_Front_765f103f-cd3b-4fd2-8e34-06593ccf7d49.png?v=1582136679,1,,FALSE,,,,,,,,,,,,,,,,,,,
,foundation-short-stone-blue,,,,,,,,,,,,,,,,,,,,,,,https://cdn.shopify.com/s/files/1/0251/7377/products/Foundation9_StoneBlue_Front_bf1e0e4a-5df5-42f0-b8c5-082c554f47d4.png?v=1582136679,2
,foundation-short-maroon,Foundation Short (No Liner) - Maroon,"<sections><section id=""1""><sectionTitle>Details</sectionTitle><sectionBody>Durability and comfort for every gym session and weekend adventure</sectionBody></section><section id=""2""><sectionTitle>Size &amp;amp; Fit</sectionTitle><sectionBody>Click buy for more sizing information.</sectionBody></section><section id=""3""><sectionTitle>Shipping &amp;amp; Returns</sectionTitle><sectionBody>Free shipping. Free returns</sectionBody></section><sizes><size instock=""true""><string>Small / 7-inch (Inseam)</string><variant>8313633243223</variant></size><size instock=""true""><string>Medium / 7-inch (Inseam)</string><variant>8313633308759</variant></size><size instock=""false""><string>Large / 7-inch (Inseam)</string><variant>8313634062423</variant></size><size instock=""false""><string>XL / 7-inch (Inseam)</string><variant>8313634160727</variant></size></sizes></sections>",Ten Thousand-men,foundation short,"ten-thousand, , bottoms, discounted, discounted-doubleup, hide-army, hide-charcoal, hide-fatigue, hide-dark-teal, hide-henna, hide-light-grey, hide-storm-blue, main-product, retailer-item-id-8568917197, shorts, spinimages-24, sync-hide-ids-3517607444567-3517603610711-1999652978775, test, type-shorts",,Title,Default Title,Link,https://www.tenthousand.cc/products/foundation-short?variant=8313633243223,,,,218,,deny,manual,58.00,,True,True,,https://cdn.shopify.com/s/files/1/0251/7377/products/Foundation7_Maroon_Front_3ab5fd57-6478-4b49-b918-7d9890c0d9a8.png?v=1582136679,1,,FALSE,,,,,,,,,,,,,,,,,,,
,foundation-short-maroon,,,,,,,,,,,,,,,,,,,,,,,https://cdn.shopify.com/s/files/1/0251/7377/products/Foundation9_Maroon_Front_f0975576-0a8a-4df4-ae2b-74c80084f9f9.png?v=1583923285,2
,foundation-short-maroon,,,,,,,,,,,,,,,,,,,,,,,https://cdn.shopify.com/s/files/1/0251/7377/products/Foundation7_Maroon_Back_7aa98d87-d48b-47f9-a899-896da67aa97d.png?v=1582136679,3
,foundation-short-maroon,,,,,,,,,,,,,,,,,,,,,,,https://cdn.shopify.com/s/files/1/0251/7377/products/Foundation7_Maroon_FabricDetail_d3108451-53d6-4379-ad5b-48d2c8e94941.png?v=1582136679,4
,foundation-short-maroon,,,,,,,,,,,,,,,,,,,,,,,https://cdn.shopify.com/s/files/1/0251/7377/products/Foundation7_Maroon_Moisture_4ad21804-76bb-44b9-b387-ef11e2946688.png?v=1582136679,5
,foundation-short-maroon,,,,,,,,,,,,,,,,,,,,,,,https://cdn.shopify.com/s/files/1/0251/7377/products/Foundation7_Maroon_Pocket_b954c200-eb9c-4730-89d0-167a5084c458.png?v=1582136679,6
,foundation-short-maroon,,,,,,,,,,,,,,,,,,,,,,,https://cdn.shopify.com/s/files/1/0251/7377/products/Foundation7_Maroon_Waistband_8acd86c0-9728-4764-9393-400170ec2d6b.png?v=1582136679,7
,foundation-short-light-grey,Foundation Short (No Liner) - Light Grey,"<sections><section id=""1""><sectionTitle>Details</sectionTitle><sectionBody>Durability and comfort for every gym session and weekend adventure</sectionBody></section><section id=""2""><sectionTitle>Size &amp;amp; Fit</sectionTitle><sectionBody>Click buy for more sizing information.</sectionBody></section><section id=""3""><sectionTitle>Shipping &amp;amp; Returns</sectionTitle><sectionBody>Free shipping. Free returns</sectionBody></section><sizes><size instock=""false""><string>Small / 7-inch (Inseam)</string><variant>12626583584855</variant></size><size instock=""false""><string>Medium / 7-inch (Inseam)</string><variant>12626583781463</variant></size><size instock=""false""><string>Large / 7-inch (Inseam)</string><variant>12626584076375</variant></size><size instock=""true""><string>XL / 7-inch (Inseam)</string><variant>12626584240215</variant></size></sizes></sections>",Ten Thousand-men,foundation short,"ten-thousand, , bottoms, discounted, discounted-doubleup, hide-army, hide-charcoal, hide-fatigue, hide-dark-teal, hide-henna, hide-light-grey, hide-storm-blue, main-product, retailer-item-id-8568917197, shorts, spinimages-24, sync-hide-ids-3517607444567-3517603610711-1999652978775, test, type-shorts",,Title,Default Title,Link,https://www.tenthousand.cc/products/foundation-short?variant=12626583584855,,,,218,,deny,manual,58.00,,True,True,,https://cdn.shopify.com/s/files/1/0251/7377/products/Foundation7_light-grey_Front_Shadow.png?v=1582563410,1,,FALSE,,,,,,,,,,,,,,,,,,,
,foundation-short-light-grey,,,,,,,,,,,,,,,,,,,,,,,https://cdn.shopify.com/s/files/1/0251/7377/products/Foundation7_light-grey_Back_Shadow_e48f61a4-214f-439d-a330-a4c108966993.png?v=1582563418,2
,foundation-short-light-grey,,,,,,,,,,,,,,,,,,,,,,,https://cdn.shopify.com/s/files/1/0251/7377/products/Foundation7_light_grey_FabricDetail.png?v=1582563424,3
,foundation-short-light-grey,,,,,,,,,,,,,,,,,,,,,,,https://cdn.shopify.com/s/files/1/0251/7377/products/Foundation7_light_grey_Moisture.png?v=1582563424,4
,foundation-short-light-grey,,,,,,,,,,,,,,,,,,,,,,,https://cdn.shopify.com/s/files/1/0251/7377/products/Foundation7_light_grey_Pocket.png?v=1582563424,5
,foundation-short-navy,Foundation Short (No Liner) - Navy,"<sections><section id=""1""><sectionTitle>Details</sectionTitle><sectionBody>Durability and comfort for every gym session and weekend adventure</sectionBody></section><section id=""2""><sectionTitle>Size &amp;amp; Fit</sectionTitle><sectionBody>Click buy for more sizing information.</sectionBody></section><section id=""3""><sectionTitle>Shipping &amp;amp; Returns</sectionTitle><sectionBody>Free shipping. Free returns</sectionBody></section><sizes><size instock=""true""><string>Small / 7-inch (Inseam)</string><variant>15391983108183</variant></size><size instock=""true""><string>Medium / 7-inch (Inseam)</string><variant>15391983566935</variant></size><size instock=""true""><string>Large / 7-inch (Inseam)</string><variant>15391983665239</variant></size><size instock=""false""><string>XL / 7-inch (Inseam)</string><variant>15391983730775</variant></size></sizes></sections>",Ten Thousand-men,foundation short,"ten-thousand, , bottoms, discounted, discounted-doubleup, hide-army, hide-charcoal, hide-fatigue, hide-dark-teal, hide-henna, hide-light-grey, hide-storm-blue, main-product, retailer-item-id-8568917197, shorts, spinimages-24, sync-hide-ids-3517607444567-3517603610711-1999652978775, test, type-shorts",,Title,Default Title,Link,https://www.tenthousand.cc/products/foundation-short?variant=15391983108183,,,,218,,deny,manual,58.00,,True,True,,https://cdn.shopify.com/s/files/1/0251/7377/products/Foundation7_Navy_Front_17f7d193-69aa-4d45-9f79-4a159998617f.png?v=1582136679,1,,FALSE,,,,,,,,,,,,,,,,,,,
,foundation-short-navy,,,,,,,,,,,,,,,,,,,,,,,https://cdn.shopify.com/s/files/1/0251/7377/products/Foundation9_Navy_Front_686de874-4821-4ca0-8c12-546386f28d77.png?v=1582136679,2
,foundation-short-navy,,,,,,,,,,,,,,,,,,,,,,,https://cdn.shopify.com/s/files/1/0251/7377/products/Foundation7_Navy_Back_aa6efe70-9431-48df-9124-1998d7e7d17a.png?v=1582136679,3
,foundation-short-navy,,,,,,,,,,,,,,,,,,,,,,,https://cdn.shopify.com/s/files/1/0251/7377/products/Foundation7_Navy_FabricDetail_2dc36daf-4722-4f02-a342-adf7c5922aff.png?v=1582136679,4
,foundation-short-navy,,,,,,,,,,,,,,,,,,,,,,,https://cdn.shopify.com/s/files/1/0251/7377/products/Foundation7_Navy_Moisture_263cde30-a01e-4dca-a53f-f2cb51c5e397.png?v=1582136679,5
,foundation-short-navy,,,,,,,,,,,,,,,,,,,,,,,https://cdn.shopify.com/s/files/1/0251/7377/products/Foundation7_Navy_Waistband_95a8b552-359b-4130-b2b0-36b0ec1a1c57.png?v=1582136679,6
,foundation-short-navy,,,,,,,,,,,,,,,,,,,,,,,https://cdn.shopify.com/s/files/1/0251/7377/products/Foundation7_Navy_Pocket_6c8a05d7-971a-4b12-8bdc-c342e09d7765.png?v=1582136679,7
,foundation-short-fatigue,Foundation Short (No Liner) - Fatigue,"<sections><section id=""1""><sectionTitle>Details</sectionTitle><sectionBody>Durability and comfort for every gym session and weekend adventure</sectionBody></section><section id=""2""><sectionTitle>Size &amp;amp; Fit</sectionTitle><sectionBody>Click buy for more sizing information.</sectionBody></section><section id=""3""><sectionTitle>Shipping &amp;amp; Returns</sectionTitle><sectionBody>Free shipping. Free returns</sectionBody></section><sizes><size instock=""false""><string>Small / 7-inch (Inseam)</string><variant>28398369439831</variant></size><size instock=""false""><string>Medium / 7-inch (Inseam)</string><variant>28398369472599</variant></size><size instock=""false""><string>Large / 7-inch (Inseam)</string><variant>28398369505367</variant></size><size instock=""true""><string>XL / 7-inch (Inseam)</string><variant>28398369538135</variant></size></sizes></sections>",Ten Thousand-men,foundation short,"ten-thousand, , bottoms, discounted, discounted-doubleup, hide-army, hide-charcoal, hide-fatigue, hide-dark-teal, hide-henna, hide-light-grey, hide-storm-blue, main-product, retailer-item-id-8568917197, shorts, spinimages-24, sync-hide-ids-3517607444567-3517603610711-1999652978775, test, type-shorts",,Title,Default Title,Link,https://www.tenthousand.cc/products/foundation-short?variant=28398369439831,,,,218,,deny,manual,58.00,,True,True,,https://cdn.shopify.com/s/files/1/0251/7377/products/ten-thousand-foundation-short-fatigue.png?v=1582563424,1,,FALSE,,,,,,,,,,,,,,,,,,,
,foundation-short-fatigue,,,,,,,,,,,,,,,,,,,,,,,https://cdn.shopify.com/s/files/1/0251/7377/products/ten-thousand-foundation-short-fatigue-back.png?v=1582563424,2
,foundation-short-fatigue,,,,,,,,,,,,,,,,,,,,,,,https://cdn.shopify.com/s/files/1/0251/7377/products/ten-thousand-foundation-short-fatigue-side.png?v=1582563424,3
,interval-short-black,Interval Short (Liner) - Black,"<sections><section id=""1""><sectionTitle>Details</sectionTitle><sectionBody>Versatility and mobility to perfectly handle whatever you throw at it</sectionBody></section><section id=""2""><sectionTitle>Size &amp;amp; Fit</sectionTitle><sectionBody>Click buy for more sizing information.</sectionBody></section><section id=""3""><sectionTitle>Shipping &amp;amp; Returns</sectionTitle><sectionBody>Free shipping. Free returns</sectionBody></section><sizes><size instock=""true""><string>XS / 7-inch (Inseam)</string><variant>29228629557335</variant></size><size instock=""true""><string>Small / 7-inch (Inseam)</string><variant>45531320845</variant></size><size instock=""true""><string>Small / 9-inch (Inseam)</string><variant>12208567091287</variant></size><size instock=""true""><string>Medium / 7-inch (Inseam)</string><variant>45531332557</variant></size><size instock=""true""><string>Medium / 9-inch (Inseam)</string><variant>12208581771351</variant></size><size instock=""true""><string>Large / 7-inch (Inseam)</string><variant>45531345357</variant></size><size instock=""true""><string>Large / 9-inch (Inseam)</string><variant>12208586293335</variant></size><size instock=""true""><string>XL / 7-inch (Inseam)</string><variant>45531355405</variant></size><size instock=""true""><string>XL / 9-inch (Inseam)</string><variant>12208592814167</variant></size><size instock=""true""><string>XXL / 7-inch (Inseam)</string><variant>29228629786711</variant></size></sizes></sections>",Ten Thousand-men,interval short,"ten-thousand, , bottoms, discounted, discounted-doubleup, hide-army, hide-asphalt, hide-dark-navy, hide-ocean, hide-dark-teal, hide-grey, hide-slate, hide-storm-blue, main-product, retailer-item-id-8568921869, shorts, spinimages-24, sync-hide-ids-3517609476183-3516511912023-2004420591703, type-shorts",,Title,Default Title,Link,https://www.tenthousand.cc/products/interval-short?variant=29228629557335,,,,281,,deny,manual,68.00,,True,True,,https://cdn.shopify.com/s/files/1/0251/7377/products/Interval7_Black_Front.png?v=1585583097,1,,FALSE,,,,,,,,,,,,,,,,,,,
,interval-short-black,,,,,,,,,,,,,,,,,,,,,,,https://cdn.shopify.com/s/files/1/0251/7377/products/Interval9_Black_Front.png?v=1585583097,2
,interval-short-black,,,,,,,,,,,,,,,,,,,,,,,https://cdn.shopify.com/s/files/1/0251/7377/products/InvervalShortBlackCamoFront7-2.png?v=1585583129,3
,interval-short-light-grey,Interval Short (Liner) - Light Grey,"<sections><section id=""1""><sectionTitle>Details</sectionTitle><sectionBody>Versatility and mobility to perfectly handle whatever you throw at it</sectionBody></section><section id=""2""><sectionTitle>Size &amp;amp; Fit</sectionTitle><sectionBody>Click buy for more sizing information.</sectionBody></section><section id=""3""><sectionTitle>Shipping &amp;amp; Returns</sectionTitle><sectionBody>Free shipping. Free returns</sectionBody></section><sizes><size instock=""true""><string>Small / 7-inch (Inseam)</string><variant>45479525773</variant></size><size instock=""true""><string>Small / 9-inch (Inseam)</string><variant>30156177342551</variant></size><size instock=""true""><string>Medium / 7-inch (Inseam)</string><variant>45479542541</variant></size><size instock=""true""><string>Medium / 9-inch (Inseam)</string><variant>30156177375319</variant></size><size instock=""true""><string>Large / 7-inch (Inseam)</string><variant>45479565837</variant></size><size instock=""true""><string>Large / 9-inch (Inseam)</string><variant>30156177408087</variant></size><size instock=""true""><string>XL / 7-inch (Inseam)</string><variant>45479590157</variant></size><size instock=""true""><string>XL / 9-inch (Inseam)</string><variant>30156177768535</variant></size></sizes></sections>",Ten Thousand-men,interval short,"ten-thousand, , bottoms, discounted, discounted-doubleup, hide-army, hide-asphalt, hide-dark-navy, hide-ocean, hide-dark-teal, hide-grey, hide-slate, hide-storm-blue, main-product, retailer-item-id-8568921869, shorts, spinimages-24, sync-hide-ids-3517609476183-3516511912023-2004420591703, type-shorts",,Title,Default Title,Link,https://www.tenthousand.cc/products/interval-short?variant=45479525773,,,,281,,deny,manual,68.00,,True,True,,https://cdn.shopify.com/s/files/1/0251/7377/products/Interval7_LightGrey_Front.png?v=1585583097,1,,FALSE,,,,,,,,,,,,,,,,,,,
,interval-short-light-grey,,,,,,,,,,,,,,,,,,,,,,,https://cdn.shopify.com/s/files/1/0251/7377/products/Interval9_LightGrey_Front.png?v=1585583097,2
,interval-short-slate,Interval Short (Liner) - Slate,"<sections><section id=""1""><sectionTitle>Details</sectionTitle><sectionBody>Versatility and mobility to perfectly handle whatever you throw at it</sectionBody></section><section id=""2""><sectionTitle>Size &amp;amp; Fit</sectionTitle><sectionBody>Click buy for more sizing information.</sectionBody></section><section id=""3""><sectionTitle>Shipping &amp;amp; Returns</sectionTitle><sectionBody>Free shipping. Free returns</sectionBody></section><sizes><size instock=""false""><string>Small / 7-inch (Inseam)</string><variant>12614067683415</variant></size><size instock=""false""><string>Small / 9-inch (Inseam)</string><variant>29240919720023</variant></size><size instock=""false""><string>Medium / 7-inch (Inseam)</string><variant>12614067650647</variant></size><size instock=""false""><string>Medium / 9-inch (Inseam)</string><variant>29240919949399</variant></size><size instock=""false""><string>Large / 7-inch (Inseam)</string><variant>12614067617879</variant></size><size instock=""false""><string>Large / 9-inch (Inseam)</string><variant>29240920014935</variant></size><size instock=""false""><string>XL / 7-inch (Inseam)</string><variant>12614067486807</variant></size><size instock=""true""><string>XL / 9-inch (Inseam)</string><variant>29240920113239</variant></size></sizes></sections>",Ten Thousand-men,interval short,"ten-thousand, , bottoms, discounted, discounted-doubleup, hide-army, hide-asphalt, hide-dark-navy, hide-ocean, hide-dark-teal, hide-grey, hide-slate, hide-storm-blue, main-product, retailer-item-id-8568921869, shorts, spinimages-24, sync-hide-ids-3517609476183-3516511912023-2004420591703, type-shorts",,Title,Default Title,Link,https://www.tenthousand.cc/products/interval-short?variant=12614067683415,,,,281,,deny,manual,68.00,,True,True,,https://cdn.shopify.com/s/files/1/0251/7377/products/ten_thousand_Interval_7__slate_ORIG_144.png?v=1585583121,1,,FALSE,,,,,,,,,,,,,,,,,,,
,interval-short-slate,,,,,,,,,,,,,,,,,,,,,,,https://cdn.shopify.com/s/files/1/0251/7377/products/interval_camo_detiail1-2.png?v=1585583121,2
,interval-short-slate,,,,,,,,,,,,,,,,,,,,,,,https://cdn.shopify.com/s/files/1/0251/7377/products/interval_camo_pocket-2.png?v=1585583121,3
,interval-short-slate,,,,,,,,,,,,,,,,,,,,,,,https://cdn.shopify.com/s/files/1/0251/7377/products/ten_thousand_Interval_7__slate_back_ORIG_294.png?v=1585583121,4
,interval-short-slate,,,,,,,,,,,,,,,,,,,,,,,https://cdn.shopify.com/s/files/1/0251/7377/products/ten_thousand_Interval_7__slate_side_ORIG_296.png?v=1585583121,5
,interval-short-grey,Interval Short (Liner) - Grey,"<sections><section id=""1""><sectionTitle>Details</sectionTitle><sectionBody>Versatility and mobility to perfectly handle whatever you throw at it</sectionBody></section><section id=""2""><sectionTitle>Size &amp;amp; Fit</sectionTitle><sectionBody>Click buy for more sizing information.</sectionBody></section><section id=""3""><sectionTitle>Shipping &amp;amp; Returns</sectionTitle><sectionBody>Free shipping. Free returns</sectionBody></section><sizes><size instock=""true""><string>Small / 7-inch (Inseam)</string><variant>45479525773</variant></size><size instock=""true""><string>Small / 9-inch (Inseam)</string><variant>30156177342551</variant></size><size instock=""true""><string>Medium / 7-inch (Inseam)</string><variant>45479542541</variant></size><size instock=""true""><string>Medium / 9-inch (Inseam)</string><variant>30156177375319</variant></size><size instock=""true""><string>Large / 7-inch (Inseam)</string><variant>45479565837</variant></size><size instock=""true""><string>Large / 9-inch (Inseam)</string><variant>30156177408087</variant></size><size instock=""true""><string>XL / 7-inch (Inseam)</string><variant>45479590157</variant></size><size instock=""true""><string>XL / 9-inch (Inseam)</string><variant>30156177768535</variant></size></sizes></sections>",Ten Thousand-men,interval short,"ten-thousand, , bottoms, discounted, discounted-doubleup, hide-army, hide-asphalt, hide-dark-navy, hide-ocean, hide-dark-teal, hide-grey, hide-slate, hide-storm-blue, main-product, retailer-item-id-8568921869, shorts, spinimages-24, sync-hide-ids-3517609476183-3516511912023-2004420591703, type-shorts",,Title,Default Title,Link,https://www.tenthousand.cc/products/interval-short?variant=45479525773,,,,281,,deny,manual,68.00,,True,True,,https://cdn.shopify.com/s/files/1/0251/7377/products/ten_thousand_Interval_7__Grey_ORIG_952-edit.png?v=1586384734,1,,FALSE,,,,,,,,,,,,,,,,,,,
,interval-short-grey,,,,,,,,,,,,,,,,,,,,,,,https://cdn.shopify.com/s/files/1/0251/7377/products/ten_thousand_Interval_7__Grey_back_ORIG_991-edit.png?v=1586384734,2
,interval-short-grey,,,,,,,,,,,,,,,,,,,,,,,https://cdn.shopify.com/s/files/1/0251/7377/products/ten_thousand_Interval_7__Grey_side_ORIG_1039-edit.png?v=1586384734,3
,distance-shirt-black,Distance Shirt - Black,"<sections><section id=""1""><sectionTitle>Details</sectionTitle><sectionBody>Featherweight and ultra breathable for all high sweat high intensity training</sectionBody></section><section id=""2""><sectionTitle>Size &amp;amp; Fit</sectionTitle><sectionBody>Click buy for more sizing information.</sectionBody></section><section id=""3""><sectionTitle>Shipping &amp;amp; Returns</sectionTitle><sectionBody>Free shipping. Free returns</sectionBody></section><sizes><size instock=""true""><string>XS</string><variant>29410658779223</variant></size><size instock=""true""><string>SMALL</string><variant>5936621682720</variant></size><size instock=""true""><string>MEDIUM</string><variant>5936622239776</variant></size><size instock=""true""><string>LARGE</string><variant>5936622927904</variant></size><size instock=""true""><string>XL</string><variant>5936624468000</variant></size><size instock=""true""><string>XXL</string><variant>29410658975831</variant></size></sizes></sections>",Ten Thousand-men,distance shirt,"ten-thousand, , discounted, hide-army, hide-maroon, hide-otter-grey, hide-ocean, hide-storm-blue, hide-white, main-product, retailer-item-id-8568844045, shirts, spinimages-24, sync-hide-ids-3594903912535-3594904567895, tops, type-shirts",,Title,Default Title,Link,https://www.tenthousand.cc/products/distance-shirt?variant=29410658779223,,,,99,,deny,manual,54.00,,True,True,,https://cdn.shopify.com/s/files/1/0251/7377/products/DistanceTee_Black_F.png?v=1586385638,1,,FALSE,,,,,,,,,,,,,,,,,,,
,distance-shirt-black,,,,,,,,,,,,,,,,,,,,,,,https://cdn.shopify.com/s/files/1/0251/7377/products/DistanceShirtCamoBlackFront.png?v=1586385638,2
,distance-shirt-navy,Distance Shirt - Navy,"<sections><section id=""1""><sectionTitle>Details</sectionTitle><sectionBody>Featherweight and ultra breathable for all high sweat high intensity training</sectionBody></section><section id=""2""><sectionTitle>Size &amp;amp; Fit</sectionTitle><sectionBody>Click buy for more sizing information.</sectionBody></section><section id=""3""><sectionTitle>Shipping &amp;amp; Returns</sectionTitle><sectionBody>Free shipping. Free returns</sectionBody></section><sizes><size instock=""true""><string>SMALL</string><variant>45488022477</variant></size><size instock=""true""><string>MEDIUM</string><variant>45488042573</variant></size><size instock=""true""><string>LARGE</string><variant>45488056333</variant></size><size instock=""true""><string>XL</string><variant>45488067661</variant></size></sizes></sections>",Ten Thousand-men,distance shirt,"ten-thousand, , discounted, hide-army, hide-maroon, hide-otter-grey, hide-ocean, hide-storm-blue, hide-white, main-product, retailer-item-id-8568844045, shirts, spinimages-24, sync-hide-ids-3594903912535-3594904567895, tops, type-shirts",,Title,Default Title,Link,https://www.tenthousand.cc/products/distance-shirt?variant=45488022477,,,,99,,deny,manual,54.00,,True,True,,https://cdn.shopify.com/s/files/1/0251/7377/products/DistanceTee_Navy_F.png?v=1586385638,1,,FALSE,,,,,,,,,,,,,,,,,,,
,distance-shirt-navy,,,,,,,,,,,,,,,,,,,,,,,https://cdn.shopify.com/s/files/1/0251/7377/products/DistanceTee_Navy_B.png?v=1586385638,2
,distance-shirt-navy,,,,,,,,,,,,,,,,,,,,,,,https://cdn.shopify.com/s/files/1/0251/7377/products/DistanceTee_Navy_CurvedSeam.png?v=1586385638,3
,distance-shirt-navy,,,,,,,,,,,,,,,,,,,,,,,https://cdn.shopify.com/s/files/1/0251/7377/products/DistanceTee_Navy_FabricDetail.png?v=1586385638,4
,distance-shirt-navy,,,,,,,,,,,,,,,,,,,,,,,https://cdn.shopify.com/s/files/1/0251/7377/products/DistanceTee_Navy_Logo.png?v=1586385638,5
,distance-shirt-navy,,,,,,,,,,,,,,,,,,,,,,,https://cdn.shopify.com/s/files/1/0251/7377/products/DistanceTee_BreathableFabric_NAVY.png?v=1586385638,6
,distance-shirt-light-grey,Distance Shirt - Light Grey,"<sections><section id=""1""><sectionTitle>Details</sectionTitle><sectionBody>Featherweight and ultra breathable for all high sweat high intensity training</sectionBody></section><section id=""2""><sectionTitle>Size &amp;amp; Fit</sectionTitle><sectionBody>Click buy for more sizing information.</sectionBody></section><section id=""3""><sectionTitle>Shipping &amp;amp; Returns</sectionTitle><sectionBody>Free shipping. Free returns</sectionBody></section><sizes><size instock=""false""><string>SMALL</string><variant>28315354660951</variant></size><size instock=""true""><string>MEDIUM</string><variant>28315357184087</variant></size><size instock=""false""><string>LARGE</string><variant>28315359412311</variant></size><size instock=""false""><string>XL</string><variant>28315360133207</variant></size></sizes></sections>",Ten Thousand-men,distance shirt,"ten-thousand, , discounted, hide-army, hide-maroon, hide-otter-grey, hide-ocean, hide-storm-blue, hide-white, main-product, retailer-item-id-8568844045, shirts, spinimages-24, sync-hide-ids-3594903912535-3594904567895, tops, type-shirts",,Title,Default Title,Link,https://www.tenthousand.cc/products/distance-shirt?variant=28315354660951,,,,99,,deny,manual,54.00,,True,True,,https://cdn.shopify.com/s/files/1/0251/7377/products/DistanceTee_LightGrey_F.png?v=1586385638,1,,FALSE,,,,,,,,,,,,,,,,,,,
,distance-shirt-light-grey,,,,,,,,,,,,,,,,,,,,,,,https://cdn.shopify.com/s/files/1/0251/7377/products/DistanceTee_LightGrey_B.png?v=1586385638,2
,distance-shirt-light-grey,,,,,,,,,,,,,,,,,,,,,,,https://cdn.shopify.com/s/files/1/0251/7377/products/DistanceTee_LightGrey_CurvedSeam-sm.png?v=1586385638,3
,distance-shirt-light-grey,,,,,,,,,,,,,,,,,,,,,,,https://cdn.shopify.com/s/files/1/0251/7377/products/DistanceTee_LightGrey_FabricDetail-sm.png?v=1586385638,4
,distance-shirt-light-grey,,,,,,,,,,,,,,,,,,,,,,,https://cdn.shopify.com/s/files/1/0251/7377/products/DistanceTee_LightGrey_Logo-sm.png?v=1586385638,5
,distance-shirt-light-grey,,,,,,,,,,,,,,,,,,,,,,,https://cdn.shopify.com/s/files/1/0251/7377/products/DistanceTee_BreathableFabric_LIGHT_GRAY-sm.png?v=1586385638,6
,distance-shirt-light-grey,,,,,,,,,,,,,,,,,,,,,,,https://cdn.shopify.com/s/files/1/0251/7377/products/DistanceShirtCamoBlackFront.png?v=1586385638,7
,distance-shirt-light-grey,,,,,,,,,,,,,,,,,,,,,,,https://cdn.shopify.com/s/files/1/0251/7377/products/DistanceShirtCamoBlack_Back.png?v=1586385638,8
,distance-shirt-light-grey,,,,,,,,,,,,,,,,,,,,,,,https://cdn.shopify.com/s/files/1/0251/7377/products/DistanceCAMOBlackfrontdetail.png?v=1586385638,9
,distance-shirt-light-grey,,,,,,,,,,,,,,,,,,,,,,,https://cdn.shopify.com/s/files/1/0251/7377/products/1.png?v=1586385638,10
,distance-shirt-light-grey,,,,,,,,,,,,,,,,,,,,,,,https://cdn.shopify.com/s/files/1/0251/7377/products/1210-TEN-Shoot-detail4399.png?v=1586385638,11
,distance-shirt-light-grey,,,,,,,,,,,,,,,,,,,,,,,https://cdn.shopify.com/s/files/1/0251/7377/products/1210-TEN-Shoot-detail4420-breathable.png?v=1586385638,12
,distance-shirt-storm-blue,Distance Shirt - Storm Blue,"<sections><section id=""1""><sectionTitle>Details</sectionTitle><sectionBody>Featherweight and ultra breathable for all high sweat high intensity training</sectionBody></section><section id=""2""><sectionTitle>Size &amp;amp; Fit</sectionTitle><sectionBody>Click buy for more sizing information.</sectionBody></section><section id=""3""><sectionTitle>Shipping &amp;amp; Returns</sectionTitle><sectionBody>Free shipping. Free returns</sectionBody></section><sizes><size instock=""true""><string>SMALL</string><variant>31714407743575</variant></size><size instock=""true""><string>MEDIUM</string><variant>31714408923223</variant></size><size instock=""true""><string>LARGE</string><variant>31714409152599</variant></size><size instock=""true""><string>XL</string><variant>31714409578583</variant></size></sizes></sections>",Ten Thousand-men,distance shirt,"ten-thousand, , discounted, hide-army, hide-maroon, hide-otter-grey, hide-ocean, hide-storm-blue, hide-white, main-product, retailer-item-id-8568844045, shirts, spinimages-24, sync-hide-ids-3594903912535-3594904567895, tops, type-shirts",,Title,Default Title,Link,https://www.tenthousand.cc/products/distance-shirt?variant=31714407743575,,,,99,,deny,manual,54.00,,True,True,,https://cdn.shopify.com/s/files/1/0251/7377/products/DistanceTee_storm-blue_F.png?v=1586385643,1,,FALSE,,,,,,,,,,,,,,,,,,,
,distance-shirt-storm-blue,,,,,,,,,,,,,,,,,,,,,,,https://cdn.shopify.com/s/files/1/0251/7377/products/DistanceTee_storm-blue_B.png?v=1586385649,2
,distance-shirt-storm-blue,,,,,,,,,,,,,,,,,,,,,,,https://cdn.shopify.com/s/files/1/0251/7377/products/distanceshirtbluefrontdetailcopy.png?v=1586385654,3
,distance-shirt-storm-blue,,,,,,,,,,,,,,,,,,,,,,,https://cdn.shopify.com/s/files/1/0251/7377/products/distance_storm_top_logo_detail.png?v=1586385659,4
,distance-shirt-storm-blue,,,,,,,,,,,,,,,,,,,,,,,https://cdn.shopify.com/s/files/1/0251/7377/products/distance_storm_texture_detail.png?v=1586385664,5
,distance-shirt-storm-blue,,,,,,,,,,,,,,,,,,,,,,,https://cdn.shopify.com/s/files/1/0251/7377/products/distance_storm_fabric_detail.png?v=1586385671,6
